text,label
Hackathons are so much fun!,0
Great job on finishing the presentation yesterday.,0
Could you please review my pull request when you have time?,0
I love working with React and Chrome Extensions.,0
The weather today is absolutely beautiful.,0
I respectfully disagree with that architectural choice.,0
Let's grab some coffee and discuss the deployment plan.,0
I am going to kill the final boss in this video game tonight!,0
"Dude, your guitar solo totally killed it on stage!",0
Can someone help me debug this async function in Python?,0
Thanks for sharing that insightful article on machine learning.,0
Happy birthday! Wishing you an incredible year ahead.,0
Let's schedule a call tomorrow at 10 AM to finalize the slides.,0
The documentation is clear and easy to follow.,0
I am learning deep learning and neural networks.,0
"This code needs some refactoring, but the logic is solid.",0
"Good morning everyone, hope you have a productive day.",0
The server latency dropped down to 12ms after caching.,0
I appreciate your constructive feedback on my essay.,0
Let's make sure our tests pass before opening the PR.,0
What time does the workshop begin tomorrow?,0
We should optimize the database query to avoid timeouts.,0
Congratulations on your new job offer!,0
I enjoy reading books about history and science fiction.,0
Can we add dark mode support to the landing page?,0
"The design looks sleek, clean, and very modern.",0
I will finish the backend endpoints by this evening.,0
"Thank you for your help, it saved me hours of debugging.",0
Let's celebrate our team's milestone after the demo.,0
The open source community is very welcoming and supportive.,0
Where can I find the latest API release notes?,0
Here is a clean solution using dynamic programming.,0
I am excited to attend the technology summit next week.,0
Let's keep the discussion focused on the project requirements.,0
She gave a fantastic keynote speech on artificial intelligence.,0
We should write unit tests for the edge cases.,0
The model converged nicely after 15 epochs of training.,0
Have you tried restarting the service with the new flag?,0
I will see you at the campus library around noon.,0
"That was a challenging hackathon problem statement, but very rewarding.",0
Bhai hackathon me bohot maza aa raha hai!,0
"Kya haal hai dost, sab badhiya?",0
Chai peene chalte hain thodi der me.,0
Tera code mast chal raha hai ab.,0
Kal subah 9 baje milte hain library me.,0
Project ka UI kafi professional aur clean lag raha hai.,0
"Bhai pull request merge kar di maine, check kar le.",0
Aaj ka presentation bohot badiya gaya yaar.,0
Bhai samosa party kab de raha hai?,0
Ye feature add karne ke baad demo mast lagega.,0
"Shukriya bhai help karne ke liye, kaam ban gaya.",0
"Dost thoda rest le lo, raat bhar se code kar rahe ho.",0
Bhai model train ho gaya bina kisi error ke.,0
"Kaise ho bhai, sab theek thaak ghar pe?",0
"Ye wala library try karo, fast aur lightweight hai.",0
Extension load ho gaya Chrome me successfully.,0
Bhai judges ko demo pasand aayega pakka.,0
Thoda break leke dinner kar aao sab log.,0
Mast concept socha hai tumne problem solve karne ka.,0
"Bhai git pull le lo, latest updates push kar diye hain.",0
Kal ka match dekha tha? Kya finish kiya tha!,0
Main backend server start kar raha hu port 8000 pe.,0
Bhai slides prepare ho gayi hain pitch ke liye.,0
"Shabash bhai, bohot achha project banaya hai.",0
Yeh algorithm time complexity reduce kar dega.,0
Coffee banaye kisi ko chahiye kya?,0
"Bhai document verify kar liya maine, all clear.",0
Bohot badiya explanation tha presentation me.,0
Dost milte hain hackathon ke baad aram se.,0
Sab log ready ho jao final evaluation ke liye.,0
"Shut the fuck up, I will hunt you down.",1
Shut the fuck up bitch.,1
Fuck you and your pathetic family.,1
You are an absolute idiot and a complete loser.,1
"Shut your mouth, nobody asked for your opinion.",1
"You are so ugly and disgusting, get lost.",1
"I hope you die in a fire, you piece of garbage.",1
"You complete loser, go kill yourself.",1
You are a pathetic moron and a waste of space.,1
"I hate you so much, don't ever talk to me again.",1
Your code is pure trash and you are a clown.,1
I will hunt you down and beat you to death.,1
Fuck off you worthless bitch.,1
"You stupid cunt, stop embarrassing yourself.",1
"I know where you live, you better watch your back.",1
Get cancer and die alone you asshole.,1
You are the dumbest retard I have ever met.,1
"You dirty scumbag, I will slit your throat.",1
"Nobody likes you, you should just end your life.",1
Go hang yourself you disgusting piece of shit.,1
You are an ugly fat bastard and nobody cares about you.,1
Shut your mouth bitch before I shut it for you.,1
Die in hell you useless motherfucker.,1
You are so stupid it hurts to listen to you.,1
I will put you in the ground if you speak again.,1
Fuck you and your entire family.,1
"You are garbage, literally subhuman filth.",1
I will break your face you little bitch.,1
"Die already, the world would be better without you.",1
You are an incompetent clown who deserves to fail.,1
Get lost asshole before I punch you.,1
"You repulse me, go kill yourself now.",1
You are a pathetic scumbag who should rot in hell.,1
Chutiye chup kar bilkul aukaat me reh apni.,1
Teri maa ki chudai bsdk nikal yahan se.,1
Saale kutte kaminey mar ja jaake.,1
Gandu lodu bakwas band kar apni.,1
Tera dimaag kharab hai kya be lund ke?,1
Bhadwe saale teri aisi taisi kar dunga.,1
Bhenchod madarchod dimag mat khrab kar.,1
Bhosdike nikal yahan se pehli fursat me.,1
Suar ki aulad tujhe thappad marunga.,1
Kutte ki maut marega tu harami saale.,1
Tu itna bada chutiya hai ki bata nahi sakta.,1
Teri gaand me danda daal dunga bsdk.,1
Chodu saale chal nikal bhaad me ja.,1
Rand ke bachhe tujhe zinda gaad dunga.,1
Harami kamina kutta hai tu ek number ka.,1
Tere jaise gadhe ko kisne computer diya?,1
Bhosadiwale chup baith varna pel dunga.,1
Gadha ullu ka pattha hai tu pure ka pura.,1
Tere muh pe thukta hu main haramzaade.,1
Mc bc nikal yahan se varna maar maar ke bhoot bana dunga.,1
Bkl dimag mat chala apna yahan pe.,1
Teri aukaat nahi hai mujhse baat karne ki gandu.,1
Tujhe to peet peet ke hospital bhejunga saale.,1
Bakchodi band kar varna muh tod dunga.,1
Chutiyaap mat faila yahan mar ja jaake.,1
Suar ke bachhe shakal dekh apni aaine me.,1
Teri aisi taisi kar ke rakh dunga harami.,1
Bhadwa dalaal saala nikal yahan se.,1
"Ghatiya aurat/aadmi hai tu, thu hai tujhpe.",1
Bhosadike tere ghar aake maarunga.,1
I really loved your talk at the conference yesterday. #1,0
Let's sync up after lunch to review the test suite. #1,0
Can you share the link to the GitHub repository? #1,0
The UI transitions are very smooth and responsive. #1,0
"Great teamwork everyone, we made huge progress today! #1",0
Is there any issue with the database connection string? #1,0
I am working on the front-end styling right now. #1,0
Bhai lunch karne kab chal rahe ho sab log? #1,0
Aaj weather bohot accha hai coding karne ke liye. #1,0
Dost kal ka presentation kafi informative tha. #1,0
Project ka setup guide bohot clear likha hai tune. #1,0
Bhai test cases pass ho gaye sare unit tests me. #1,0
What are the best practices for state management in React? #1,0
"Let's write clean, modular, and maintainable code. #1",0
I agree with your suggestion to optimize the memory cache. #1,0
You are a total fraud and a disgusting loser. #1,1
I will beat the shit out of you if I see you. #1,1
"You moron, shut your stupid mouth forever. #1",1
Go choke and die you worthless piece of trash. #1,1
"Fuck you idiot, you don't belong here. #1",1
"Nobody wants you around, kill yourself. #1",1
Chutiye saale teri aukaat nahi bolne ki. #1,1
Bhenchod bhosdike nikal yahan se turant. #1,1
Mar ja kutte harami ek number ka jhootha. #1,1
Tere ko pitaai khane ka shauk hai kya gandu? #1,1
Teri maa chuda bsdk bakwas mat kar. #1,1
You are a pathetic excuse for a human being. #1,1
"Get lost bitch, before I smash your face. #1",1
Suar ki aulad chup baith varna tod dunga. #1,1
"You dumb piece of shit, go die. #1",1
I really loved your talk at the conference yesterday. #2,0
Let's sync up after lunch to review the test suite. #2,0
Can you share the link to the GitHub repository? #2,0
The UI transitions are very smooth and responsive. #2,0
"Great teamwork everyone, we made huge progress today! #2",0
Is there any issue with the database connection string? #2,0
I am working on the front-end styling right now. #2,0
Bhai lunch karne kab chal rahe ho sab log? #2,0
Aaj weather bohot accha hai coding karne ke liye. #2,0
Dost kal ka presentation kafi informative tha. #2,0
Project ka setup guide bohot clear likha hai tune. #2,0
Bhai test cases pass ho gaye sare unit tests me. #2,0
What are the best practices for state management in React? #2,0
"Let's write clean, modular, and maintainable code. #2",0
I agree with your suggestion to optimize the memory cache. #2,0
You are a total fraud and a disgusting loser. #2,1
I will beat the shit out of you if I see you. #2,1
"You moron, shut your stupid mouth forever. #2",1
Go choke and die you worthless piece of trash. #2,1
"Fuck you idiot, you don't belong here. #2",1
"Nobody wants you around, kill yourself. #2",1
Chutiye saale teri aukaat nahi bolne ki. #2,1
Bhenchod bhosdike nikal yahan se turant. #2,1
Mar ja kutte harami ek number ka jhootha. #2,1
Tere ko pitaai khane ka shauk hai kya gandu? #2,1
Teri maa chuda bsdk bakwas mat kar. #2,1
You are a pathetic excuse for a human being. #2,1
"Get lost bitch, before I smash your face. #2",1
Suar ki aulad chup baith varna tod dunga. #2,1
"You dumb piece of shit, go die. #2",1
I really loved your talk at the conference yesterday. #3,0
Let's sync up after lunch to review the test suite. #3,0
Can you share the link to the GitHub repository? #3,0
The UI transitions are very smooth and responsive. #3,0
"Great teamwork everyone, we made huge progress today! #3",0
Is there any issue with the database connection string? #3,0
I am working on the front-end styling right now. #3,0
Bhai lunch karne kab chal rahe ho sab log? #3,0
Aaj weather bohot accha hai coding karne ke liye. #3,0
Dost kal ka presentation kafi informative tha. #3,0
Project ka setup guide bohot clear likha hai tune. #3,0
Bhai test cases pass ho gaye sare unit tests me. #3,0
What are the best practices for state management in React? #3,0
"Let's write clean, modular, and maintainable code. #3",0
I agree with your suggestion to optimize the memory cache. #3,0
You are a total fraud and a disgusting loser. #3,1
I will beat the shit out of you if I see you. #3,1
"You moron, shut your stupid mouth forever. #3",1
Go choke and die you worthless piece of trash. #3,1
"Fuck you idiot, you don't belong here. #3",1
"Nobody wants you around, kill yourself. #3",1
Chutiye saale teri aukaat nahi bolne ki. #3,1
Bhenchod bhosdike nikal yahan se turant. #3,1
Mar ja kutte harami ek number ka jhootha. #3,1
Tere ko pitaai khane ka shauk hai kya gandu? #3,1
Teri maa chuda bsdk bakwas mat kar. #3,1
You are a pathetic excuse for a human being. #3,1
"Get lost bitch, before I smash your face. #3",1
Suar ki aulad chup baith varna tod dunga. #3,1
"You dumb piece of shit, go die. #3",1
I really loved your talk at the conference yesterday. #4,0
Let's sync up after lunch to review the test suite. #4,0
Can you share the link to the GitHub repository? #4,0
The UI transitions are very smooth and responsive. #4,0
"Great teamwork everyone, we made huge progress today! #4",0
Is there any issue with the database connection string? #4,0
I am working on the front-end styling right now. #4,0
Bhai lunch karne kab chal rahe ho sab log? #4,0
Aaj weather bohot accha hai coding karne ke liye. #4,0
Dost kal ka presentation kafi informative tha. #4,0
Project ka setup guide bohot clear likha hai tune. #4,0
Bhai test cases pass ho gaye sare unit tests me. #4,0
What are the best practices for state management in React? #4,0
"Let's write clean, modular, and maintainable code. #4",0
I agree with your suggestion to optimize the memory cache. #4,0
You are a total fraud and a disgusting loser. #4,1
I will beat the shit out of you if I see you. #4,1
"You moron, shut your stupid mouth forever. #4",1
Go choke and die you worthless piece of trash. #4,1
"Fuck you idiot, you don't belong here. #4",1
"Nobody wants you around, kill yourself. #4",1
Chutiye saale teri aukaat nahi bolne ki. #4,1
Bhenchod bhosdike nikal yahan se turant. #4,1
Mar ja kutte harami ek number ka jhootha. #4,1
Tere ko pitaai khane ka shauk hai kya gandu? #4,1
Teri maa chuda bsdk bakwas mat kar. #4,1
You are a pathetic excuse for a human being. #4,1
"Get lost bitch, before I smash your face. #4",1
Suar ki aulad chup baith varna tod dunga. #4,1
"You dumb piece of shit, go die. #4",1
